Fairbanks,1
Evires,1
Worcester,1
Taicheng,1
Bluffton,1
Fountain Hls,1
South Melbourne,1
Accokeek,1
Zumikon,1
Winnipeg,1
Old Greenwich,1
Midland Park,1
West Hills,1
Munchengosserstadt,1
Firenze,1
Cranberry Twp,1
Helsingor,1
Sandy Plains,1
Saddle Brook,1
Pietermaritzburg,1
Mableton,1
Hollywood,1
King City,1
Ingelheim-Mitte,1
Ladera Ranch,1
Newmarket,1
Sandy Springs,1
Prince Albert,1
Tsawwassen,1
Malmo,1
Guildford,1
Fortaleza,1
Oak Park,1
Sterling,1
Pembroke Pines,1
Brighton,1
Bubuieci,1
Saggart,1
Trumansburg,1
Lindenhurst,1
Prague,1
Rowayton,1
Ashburn,1
Kenmore,1
Rathgar,1
Slough,1
Saint Charles,1
Villars,1
Black River,1
Little Silver,1
Scamander,1
Farmingtn Hls,1
Olive Branch,1
Temecula,1
Naarden,1
Dallas,1
Veigy-Foncenex,1
Kjobenhavn,1
Ball Ground,1
Thorlakshofn,1
Encinitas,1
N Woodmere,1
Kidderminster,1
Manchester,1
Songnae-dong,1
Killiney,1
Davis,1
Kemerburgaz,1
Antibes,1
Guer,1
Sag Harbor,1
Leamington Spa,1
Bern,1
Rayford,1
Tranby,1
WalcProduct3ee,1
Chula Vista,1
Trelex,1
Coventry,1
Redruth,1
Budaors,1
Parkville,1
Basingstoke,1
Louisville,1
Mid City West,1
The Grange,1
Stockholm,1
Aardal,1
Potomac Falls,1
George Town,1
Hagen,1
Fullerton,1
Auckland,1
Djurgarden,1
Hampton,1
Jamestown,1
Tunbridge Wells,1
Saint Catharines,1
Escondido,1
Cambridge,1
Cheltenham,1
Alcona,1
Fairfield,1
Belgrade,1
Kilcornan,1
Hradec Kralove,1
Abbey Town,1
Shorewood,1
MT Pleasant,1
Ajax,1
Wall,1
Belfast,1
Alliston,1
Tsaritsyno,1
Ornex,1
Sacramento,1
Harold's Cross,1
Sammamish,1
Anglesea,1
Allen,1
Chalfont Saint Peter,1
Cardiff,1
Nadur,1
Hawera,1
Inner City,1
Comox,1
Kecskemet,1
Brentwood,1
Tramore,1
Morton,1
Ede,1
Washington Township,1
Suchdol,1
Bridgewater,1
Chatou,1
Saltsjobaden,1
W Lebanon,1
Farmington,1
Corbin City,1
Nordstrand,1
Gisborne,1
Carcross,1
Wollongong,1
Corrales,1
Aasgaardstrand,1
Anieres,1
Kuala Lumpur,1
Berlin,1
Centurion,1
Glenn Dale,1
Malibu,1
Montgomery,1
Lake Ronkonkoma,1
Regensdorf,1
Lititz,1
Echuca,1
Cahaba Heights,1
Kuopio,1
Three Hills,1
Lurgan,1
Clonmel,1
Cos Cob,1
Howell,1
Holmdel,1
Monte-Carlo,1
Bedford Corners,1
Burpengary,1
Portland,1
Brulon,1
Donauworth,1
Banbury,1
San Carlos,1
Coppell,1
Baluan,1
Berkeswell,1
Pacific Beach,1
Florence,1
Princeton,1
Parramatta,1
Roodepoort,1
Holmenkollen,1
Edinburg,1
Aloma,1
Boise,1
Coral Gables,1
Al 'Adliyah,1
Ile-Perrot,1
Andover,1
La Louviere,1
Princeville,1
Tokyo,1
Tel Aviv,1
Dresden,1
Warlingham,1
Croton On Hudson,1
Burbank,1
Exeter,1
Kloten,1
Montreal-Nord,1
Weston,1
Irvine,1
Spring Lake Park,1
Leicester,1
Grosseto,1
Simpsonville,1
Bunbury,1
Durban,1
Calne,1
Columbus,1
Ewa Beach,1
Navan,1
Random Lake,1
Waiau Pa,1
Martin,1
Memphis,1
Charlestown,1
Vista,1
Downingtown,1
Ann Arbor,1
Powell River,1
Huntington Beach,1
Newton,1
Astoria,1
Winchester,1
Benoni,1
Boyceville,1
Madison,1
Horten,1
White House,1
Anse Comeau,1
Plan-les-Ouattes,1
Pittsboro,1
Belleville,1
Kearns,1
Naples,1
Pasadena,1
Burr Oak,1
Waiwera,1
Setagaya,1
Sebastopol,1
Gosport,1
St Augustine,1
Rock Hill,1
Langnau,1
Roquefort,1
Bournemouth,1
Redondo Beach,1
Kapaa,1
Dryden,1
Poughkeepsie,1
Mahopac,1
Oldenburg,1
Vicenza,1
Wisconsin Rapids,1
Beykoz,1
Ballyneety,1
Carouge,1
Hamburg,1
Ooltewah,1
Athens,1
Hannover,1
Miami Beach,1
Soro,1
Berikon,1
Pls Vrds Est,1
Genoa,1
Sola,1
Herndon,1
Rockingham,1
Germantown,1
Mushrif,1
Santry,1
Aix-en-Provence,1
Saint Albans,1
South Jordan,1
Neuchatel,1
Simcoe,1
Brondby Strand,1
Coomera,1
Wiesbaden,1
Campinas,1
Arc-et-Senans,1
Irpin',1
Istanbul,1
Wantagh,1
Dumbleton,1
Glimmen,1
The Woodlands,1
Southlake,1
Petworth,1
Atascadero,1
Orillia,1
Balgach,1
Vesenaz,1
Irving,1
Gries,1
Larchmont,1
Munchen,1
Mission,1
Gold Coast,1
Cypress,1
Blackrock,1
Newbury,1
Yellowknife,1
Klampenborg,1
Mount Forest,1
Gorey,1
Parkland,1
Clyde Hill,1
Haverhill,1
Fort Oglethorpe,1
Wheaton,1
Baile Atha Bui,1
Chaska,1
Flower Mound,1
Monaco,1
Vecmilgravis,1
Libertyville,1
Ithaca,1
Stocksund,1
Chadds Ford,1
Rodeo,1
Voluntari,1
Worongary,1
Rambouillet,1
Glan-Munchweiler,1
Hong Kong,1
Freeport City,1
Westminster,1
Lincoln,1
Aubonne,1
Burnaby,1
Kemble,1
Bishop Auckland,1
Maidstone,1
Headley,1
Gladwyne,1
Besancon,1
Little Compton,1
Danderyd,1
Chichester,1
Red Deer,1
Freienbach,1
North Tustin,1
Ruschlikon,1
Mashpee,1
Mc Lean,1
Baden,1
Margate,1
Fort Saint James,1
Versoix,1
Sainte-Therese-de-Blainville,1
Lahti,1
Mechanics Grove,1
Leighton Buzzard,1
Hilton Head,1
Valley Center,1
Avalon,1
Braunschweig,1
Phuket,1
Lexington,1
Sutton Valence,1
Torbay,1
Owensboro,1
Zekeriyakoy,1
North Caldwell,1
Basauri,1
Greenville,1
Gurgaon,1
San Mateo,1
Chelmsford,1
Honolulu,1
Canterbury,1
Cagliari,1
Rochester,1
Gonzaga Univ,1
Mornington,1
Bandon,1
Santo Domingo City,1
Swampscott,1
Edgewood,1
Centerport,1
Urlingford,1
Ehingen an der Donau,1
Taby,1
Stamford,1
Hghlnds Ranch,1
Oberwil,1
Bristol,1
Floyds Knobs,1
La Alberca,1
Lakewood Village,1
Broadlands,1
Gainesville,1
Badhoevedorp,1
Altlengbach,1
Bloomfield,1
Athina,1
Delray Beach,1
Belmont,1
Atchison,1
Morro Bay,1
Ponte San Nicolo,1
Ludwigsburg,1
Milford,1
Castle Rock,1
Southampton,1
Binningen,1
South Palm Beach,1
High Wycombe,1
Mafra,1
College Park,1
Castricum,1
Sugar Land,1
Clinton,1
Sitka,1
Woodsboro,1
Engleside,1
Strasbourg,1
Begnins,1
N Java,1
Hofheim am Taunus,1
Penngrove,1
Saffron Walden,1
Stockton-on-Tees,1
Walnut Creek,1
Utrecht,1
Bellinzona,1
Stavenger,1
Chepel,1
Lucca,1
Statesville,1
Oegstgeest,1
Augusta,1
Rennes,1
Villanova,1
Castlebar,1
Glendora,1
Birkdale,1
Portola Valley,1
Sutton,1
Senatobia,1
Antwerpen,1
New Malden,1
Mona Vale,1
Norcross,1
Pacific Palisades,1
Manteno,1
Mickleton,1
Haymarket,1
Saint-Cergues,1
Durham,1
Eindhoven,1
Kanata,1
New Plymouth City,1
Huddersfield,1
Tesvikiye,1
Abu Dhabi,1
Mullingar,1
North Eastham,1
Rouen,1
Ruti,1
Bryceville,1
Lakeville,1
Oostburg,1
Tierp,1
Rancho Cordova,1
Killarney,1
Ringgold,1
Kennett Square,1
Rome,1
Stockton,1
Claygate,1
Superior,1
Newtown,1
Billings,1
Ely,1
Roanoke,1
Lyngby,1
Chamonix-Mont-Blanc,1
Peoria,1
Holte,1
Alpine,1
Liverpool,1
Mettlach,1
Clondalkin,1
Telgte,1
Cobham,1
Umea,1
Shenfield,1
Sidcup,1
Riverside,1
Hon,1
Blarney,1
Falmouth,1
St Thomas,1
Atlantida,1
Saint Petersburg,1
Winter Spgs,1
Kobenhavn,1
Lakeside,1
Plantation,1
Sandymount,1
Suwanee,1
Boca Raton,1
Vossevangen,1
Hendersonville,1
Cartierville,1
Lebanon,1
El Escorial,1
Dun Laoghaire,1
Vespasiano,1
Shavano Park,1
Jacksonville,1
Dammeron Valley,1
Perth City,1
Porto Alegre,1
Groningen,1
Fremont,1
Huntersville,1
Beachwood,1
Hoschton,1
Malahide,1
Waldorf,1
Ridgefield,1
Chiefland,1
Hyderabad,1
Ankeny,1
Gasperich,1
Basildon,1
San Pawl tat-Targa,1
Massagno,1
Basel,1
Santa Barbaraa,1
Drogheda,1
Buffalo,1
Chester,1
Flossmoor,1
Brookline,1
Fairfax,1
Sevilla,1
Woodland Hills,1
Cornwall,1
Guelph,1
Laasby,1
Ottawa Hills,1
Baytown,1
Lake Mahopac,1
Foxrock,1
Amelia Island,1
Newcastle,1
Norwalk,1
Nerang,1
Kailua Kona,1
Danville,1
Ban Khlong Sip,1
Shankill,1
Cabinteely,1
Helens Bay,1
Hellerup,1
South Waterford,1
Santa Monica,1
Eagan,1
Creemore,1
Cumming,1
Killeen,1
Owings Mills,1
Jamaica Plain,1
Norrkoping,1
Churra,1
Leesburg,1
Baltimore,1
Ayacucho,1
North Vancouver,1
Grossbodungen,1
Borja,1
Cartersburg,1
Overland,1
Richmond,1
La Crescenta,1
Beverly Hills,1
Eagle,1
Blackpool,1
Orlando,1
Griffith,1
Yorba Linda,1
Lidingo,1
San Ramon,1
Huntington,1
Pensacola,1
Ballynora,1
West Orange,1
Newburgh,1
Saskatoon,1
Lyndoch,1
Gingins,1
Wigan,1
Klosterneuburg,1
Julianstown,1
Humble,1
Thurles,1
Pruszkow,1
Deptford,1
Biot,1
Terrell Hills,1
Zagore,1
San Anselmo,1
Bishops Stortford,1
Katy,1
Lindfield,1
Hilversum,1
Downey,1
North Brunswick,1
Penclawdd,1
Victor,1
Anthem,1
Vaucluse,1
Sneem,1
Alcobendas,1
Gava,1
Lemont,1
Dickerson,1
Gdansk,1
Arklow,1
Charlottenlund,1
Skaneateles,1
Maple Ridge District Municipality,1
Morges,1
NYC,1
Hono,1
Izmir,1
Kinsaley,1
